<?xml version="1.0" encoding="UTF-8"?>
<addon id="plugin.video.f4mTester" version="0.0.8" name="f4mTester" provider-name="EQUIPE ONEPLAY FORK BY GIF PEG TV">
    <requires>
		<import addon="script.module.kodi-helper" version="0.0.4"/>
    <import addon="inputstream.ffmpegdirect"/>        
    </requires>
    <extension point="xbmc.python.pluginsource" library="default.py">
        <provides>video</provides>
    </extension>  
    <extension point="xbmc.addon.metadata">
        <summary lang="en">f4mTester</summary>
        <description></description>
        <platform>all</platform>
        <assets>
			<icon>icon.png</icon>
		</assets>
    </extension>
</addon>
