<?xml version="1.0" encoding="UTF-8" standalone="yes"?>
<addon id="plugin.video.gifpeg.tv" version="1.1.5+matrix" name="[B][COLOR lime]GIF PEG TV[/B][/COLOR]" provider-name="GIF PEG">
<requires>
		<import addon="script.module.six" />
		<import addon="script.module.kodi-six" />
		<import addon="script.module.requests" optional="false"/>
		<import addon="script.module.websocket" version="0.50.0"  optional="true"/>
		<import addon="script.module.youtube.dl" optional="true"/>
		<import addon="plugin.video.youtube" optional="true" />
		<import addon="script.module.dateutil" optional="true" />
		<import addon="script.module.resolveurl" optional="true"/>
		<import addon="script.module.urlresolver" optional="true"/>
		<import addon="script.module.cloudscraper" optional="true"/>
		<import addon="script.module.inputstreamhelper" optional="false"/>
		<import addon="script.module.slproxy" optional="true"/>
	</requires>
  <extension point="xbmc.python.pluginsource" library="default.py">
    <provides>video</provides>
  </extension>
  <extension point="xbmc.addon.metadata">
    <summary lang="en">Os melhores canais de TV Filmes e Séries!</summary>
    <description lang="en">Não Hospedamos nenhum conteuldo aqui encontrado! todo conteuldo aqui presente esta localizado na internet fácilmente encontrado pelo mescanismo de pesquisa Google, Bing, Yahooo e outros!</description>
    <news>
[COLOR maroon]PROIBIDO A VENDA E USO DO ADD-ON EM OUTRO REPOSITÓRIO SEM AUTORIZAÇÃO! CASO ACONTEÇA O ADDON SERÁ DESATIVADO![/COLOR]
</news>
    <platform>all</platform>
	<assets>
	<icon>icon.png</icon>
    <fanart>fanart.jpg</fanart>
    <screenshot>resources/screenshots/1.jpg</screenshot>
    <screenshot>resources/screenshots/2.jpg</screenshot>
    <screenshot>resources/screenshots/3.jpg</screenshot>
</assets>
  </extension>
</addon>
