<?xml version="1.0" encoding="UTF-8" standalone="yes"?>
<addon id="script.hls.tester"
       name="HLS/TS Tester"
       version="0.0.1"
       provider-name="Deivid Nexus">
  <requires>
    <import addon="inputstream.ffmpegdirect"/>
    <import addon="script.module.inputstreamhelper"/>
    <import addon="xbmc.python" version="3.0.0"/>
    <import addon="script.module.requests" /> <import addon="script.module.m3u8" /> </requires>
    <import addon="inputstream.ffmpegdirect"/>
  <extension point="xbmc.python.script" library="default.py">
    <provides>executable</provides>
  </extension>
  <extension point="xbmc.addon.metadata">
    <summary lang="en">Um testador básico de stream HLS/TS para Kodi.</summary>
    <description lang="en">Permite reproduzir streams simples HLS (.m3u8) ou TS diretamente, potencialmente melhorando a estabilidade da reprodução por meio de um proxy local.</description>
    <platform>all</platform>
    <license>GPL-3.0-or-later</license>
    <assets>
      <icon>icon.png</icon>
    </assets>
  </extension>
</addon>